head,source,seed,val_acc,val_loss,test_acc,test_auc,test_f1
linear,raw,0,0.8846153616905212,0.3992176949977875,0.7692307692307693,0.8279030910609858,0.7225296442687748
linear,raw,1,0.8589743375778198,0.40556958317756653,0.8076923076923077,0.8249791144527987,0.759209713932908
linear,raw,2,0.8717948794364929,0.40126273036003113,0.7884615384615384,0.8345864661654137,0.7406157101828992
linear,raw,3,0.8717948794364929,0.38586515188217163,0.8076923076923077,0.8364661654135337,0.7518557794273595
linear,raw,4,0.8717948794364929,0.39118126034736633,0.7884615384615384,0.8203842940685045,0.7370114942528736
linear,raw,5,0.8589743375778198,0.4013192057609558,0.7884615384615384,0.8241436925647453,0.7406157101828992
linear,raw,6,0.8717948794364929,0.4025275409221649,0.7435897435897436,0.8203842940685045,0.6876876876876876
linear,raw,7,0.8717948794364929,0.41153091192245483,0.782051282051282,0.8251879699248119,0.741167284794066
linear,raw,8,0.8589743375778198,0.40144285559654236,0.8012820512820513,0.8195488721804512,0.7415424082090749
linear,raw,9,0.8717948794364929,0.4037572145462036,0.7948717948717948,0.8297827903091062,0.7310344827586206
mlp1,raw,0,0.8461538553237915,0.38577842712402344,0.782051282051282,0.8220551378446115,0.6988416988416988
mlp1,raw,1,0.8589743375778198,0.36969831585884094,0.8141025641025641,0.8613199665831245,0.7356086727835895
mlp1,raw,2,0.8333333134651184,0.4082748293876648,0.8076923076923077,0.8441938178780284,0.7291666666666667
mlp1,raw,3,0.8589743375778198,0.36927756667137146,0.8205128205128205,0.8492063492063493,0.7472222222222222
mlp1,raw,4,0.8589743375778198,0.3810902237892151,0.8076923076923077,0.843358395989975,0.6980645161290322
mlp1,raw,5,0.8846153616905212,0.37186819314956665,0.8461538461538461,0.8698830409356726,0.7789846517119244
mlp1,raw,6,0.8333333134651184,0.375763475894928,0.8076923076923077,0.8529657477025898,0.7179363548698168
mlp1,raw,7,0.8846153616905212,0.3916059136390686,0.8012820512820513,0.8310359231411862,0.7173747881479751
mlp1,raw,8,0.8589743375778198,0.376874715089798,0.8076923076923077,0.8304093567251462,0.7179363548698168
mlp1,raw,9,0.8589743375778198,0.39776119589805603,0.8269230769230769,0.8414786967418546,0.753842557419204
mlp2,raw,0,0.8717948794364929,0.3819768726825714,0.8141025641025641,0.8552631578947367,0.7116083381143622
mlp2,raw,1,0.8589743375778198,0.3807160556316376,0.8076923076923077,0.8339598997493735,0.7117516629711751
mlp2,raw,2,0.8461538553237915,0.39097684621810913,0.8076923076923077,0.843358395989975,0.7117516629711751
mlp2,raw,3,0.8461538553237915,0.3896082043647766,0.8012820512820513,0.8381370091896407,0.6917192579843182
mlp2,raw,4,0.8333333134651184,0.38790005445480347,0.8141025641025641,0.8406432748538011,0.7182186234817813
mlp2,raw,5,0.8461538553237915,0.3949239253997803,0.8076923076923077,0.8523391812865497,0.7117516629711751
mlp2,raw,6,0.8333333134651184,0.3863869607448578,0.8269230769230769,0.8448203842940685,0.7376518218623482
mlp2,raw,7,0.8461538553237915,0.3812020421028137,0.8076923076923077,0.8458646616541353,0.6980645161290322
mlp2,raw,8,0.8461538553237915,0.3837547302246094,0.8141025641025641,0.8400167084377611,0.7182186234817813
mlp2,raw,9,0.8461538553237915,0.4032081365585327,0.8012820512820513,0.8383458646616542,0.7053914102954615
cnn_small,raw,0,0.8717948794364929,0.37046197056770325,0.8269230769230769,0.8677944862155389,0.7178267568834997
cnn_small,raw,1,0.8333333134651184,0.38161057233810425,0.8333333333333334,0.8634085213032582,0.7738626226583407
cnn_small,raw,2,0.8974359035491943,0.35497963428497314,0.8525641025641025,0.8755221386800335,0.7814194334450197
cnn_small,raw,3,0.8333333134651184,0.35367244482040405,0.8461538461538461,0.8728070175438596,0.7948717948717949
cnn_small,raw,4,0.8333333134651184,0.3608332872390747,0.8205128205128205,0.8713450292397661,0.7472222222222222
cnn_small,raw,5,0.8461538553237915,0.3479505181312561,0.8525641025641025,0.8790726817042607,0.790310326690433
cnn_small,raw,6,0.807692289352417,0.3743620812892914,0.8269230769230769,0.8638262322472849,0.753842557419204
cnn_small,raw,7,0.8461538553237915,0.3615117073059082,0.8653846153846154,0.8721804511278196,0.8122313291683384
cnn_small,raw,8,0.8333333134651184,0.389668732881546,0.8333333333333334,0.8634085213032582,0.7555448408871746
cnn_small,raw,9,0.8846153616905212,0.3618472218513489,0.8333333333333334,0.8625730994152047,0.7444556451612903
cnn_large,raw,0,0.8461538553237915,0.4096362590789795,0.8205128205128205,0.8373015873015873,0.751987281399046
cnn_large,raw,1,0.8717948794364929,0.37202557921409607,0.8461538461538461,0.8868003341687551,0.787417669770611
cnn_large,raw,2,0.8461538553237915,0.3720094859600067,0.8782051282051282,0.8830409356725146,0.8301140597237346
cnn_large,raw,3,0.8333333134651184,0.43506506085395813,0.8269230769230769,0.8586048454469507,0.7748917748917749
cnn_large,raw,4,0.8205128312110901,0.4106085002422333,0.8076923076923077,0.8270676691729324,0.755639097744361
cnn_large,raw,5,0.8461538553237915,0.41792234778404236,0.7948717948717948,0.8609022556390977,0.7353128313891835
cnn_large,raw,6,0.8461538553237915,0.34963029623031616,0.8333333333333334,0.8573517126148705,0.7882205513784462
cnn_large,raw,7,0.8717948794364929,0.38362330198287964,0.8076923076923077,0.8590225563909774,0.6980645161290322
cnn_large,raw,8,0.8333333134651184,0.421764075756073,0.8012820512820513,0.8423141186299081,0.6841486512964535
cnn_large,raw,9,0.8846153616905212,0.38759568333625793,0.8333333333333334,0.8778195488721805,0.7738626226583407
linear,random_9,0,0.8717948794364929,0.44435903429985046,0.8012820512820513,0.8381370091896408,0.7654135338345864
linear,random_9,1,0.8205128312110901,0.4587979316711426,0.782051282051282,0.8383458646616541,0.7470913599084493
linear,random_9,2,0.7948718070983887,0.46788230538368225,0.782051282051282,0.8379281537176274,0.7470913599084493
linear,random_9,3,0.807692289352417,0.4567084312438965,0.7692307692307693,0.822890559732665,0.7259418309584228
linear,random_9,4,0.807692289352417,0.468575656414032,0.7628205128205128,0.8285296574770258,0.7232318388875569
linear,random_9,5,0.8205128312110901,0.45334213972091675,0.75,0.831453634085213,0.7082713977463437
linear,random_9,6,0.8461538553237915,0.4441572427749634,0.8012820512820513,0.8329156223893066,0.7654135338345864
linear,random_9,7,0.8333333134651184,0.472138375043869,0.7948717948717948,0.8431495405179615,0.7619683387373641
linear,random_9,8,0.8205128312110901,0.4534297287464142,0.782051282051282,0.8352130325814536,0.744212962962963
linear,random_9,9,0.807692289352417,0.4754422605037689,0.7628205128205128,0.8383458646616541,0.7318716031030799
mlp1,random_9,0,0.8461538553237915,0.3907126486301422,0.8141025641025641,0.8680033416875521,0.740700406946753
mlp1,random_9,1,0.8333333134651184,0.38650014996528625,0.8076923076923077,0.8594402673350041,0.7342720872132638
mlp1,random_9,2,0.8589743375778198,0.3802190124988556,0.8397435897435898,0.8590225563909775,0.7674002504920379
mlp1,random_9,3,0.8589743375778198,0.38217735290527344,0.8012820512820513,0.8573517126148704,0.7228176763913567
mlp1,random_9,4,0.8717948794364929,0.3802870810031891,0.8397435897435898,0.862781954887218,0.7844708483006355
mlp1,random_9,5,0.8589743375778198,0.38763803243637085,0.8461538461538461,0.8782372598162071,0.7694013303769401
mlp1,random_9,6,0.8717948794364929,0.40089574456214905,0.8397435897435898,0.8554720133667503,0.7513864983744502
mlp1,random_9,7,0.8589743375778198,0.3978005051612854,0.8653846153846154,0.8631996658312447,0.8122313291683384
mlp1,random_9,8,0.8717948794364929,0.3739531934261322,0.8205128205128205,0.8659147869674184,0.7421487603305785
mlp1,random_9,9,0.8717948794364929,0.38142091035842896,0.8397435897435898,0.8703007518796992,0.7720764420548185
mlp2,random_9,0,0.8333333134651184,0.3895442485809326,0.8525641025641025,0.8744778613199666,0.790310326690433
mlp2,random_9,1,0.8589743375778198,0.40011680126190186,0.8333333333333334,0.8577694235588973,0.7383225806451613
mlp2,random_9,2,0.8717948794364929,0.4184258282184601,0.8012820512820513,0.8421052631578948,0.6987854251012147
mlp2,random_9,3,0.8589743375778198,0.3727090060710907,0.8397435897435898,0.8811612364243944,0.7720764420548185
mlp2,random_9,4,0.8846153616905212,0.391112357378006,0.8269230769230769,0.8734335839598998,0.748792270531401
mlp2,random_9,5,0.8717948794364929,0.38906529545783997,0.8397435897435898,0.8654970760233918,0.7513864983744502
mlp2,random_9,6,0.8333333134651184,0.42463022470474243,0.8269230769230769,0.8544277360066834,0.748792270531401
mlp2,random_9,7,0.8717948794364929,0.39945775270462036,0.8525641025641025,0.8677944862155388,0.7814194334450197
mlp2,random_9,8,0.8589743375778198,0.36443498730659485,0.8205128205128205,0.879281537176274,0.7247983870967742
mlp2,random_9,9,0.8717948794364929,0.38356050848960876,0.8397435897435898,0.8717627401837929,0.7764658680575457
cnn_small,random_9,0,0.8333333134651184,0.4279227554798126,0.8205128205128205,0.8187134502923976,0.7247983870967742
cnn_small,random_9,1,0.8589743375778198,0.3646869361400604,0.8525641025641025,0.8715538847117795,0.7814194334450197
cnn_small,random_9,2,0.8461538553237915,0.33543843030929565,0.8397435897435898,0.8824143692564745,0.7915664582331249
cnn_small,random_9,3,0.9102563858032227,0.34785276651382446,0.8782051282051282,0.8606934001670844,0.8301140597237346
cnn_small,random_9,4,0.9102563858032227,0.3582485318183899,0.8269230769230769,0.8439849624060151,0.7434054218702406
cnn_small,random_9,5,0.8974359035491943,0.3149242699146271,0.8525641025641025,0.8930659983291562,0.794348598612942
cnn_small,random_9,6,0.8461538553237915,0.3764464557170868,0.8012820512820513,0.8381370091896407,0.7372738632042157
cnn_small,random_9,7,0.9102563858032227,0.30243009328842163,0.8205128205128205,0.8830409356725146,0.7421487603305785
cnn_small,random_9,8,0.8846153616905212,0.28903231024742126,0.8397435897435898,0.8609022556390978,0.7948124375230179
cnn_small,random_9,9,0.8717948794364929,0.3880135416984558,0.8333333333333334,0.8467000835421887,0.7605667060212515
cnn_large,random_9,0,0.9102563858032227,0.29210135340690613,0.8782051282051282,0.8982873851294904,0.8332489451476793
cnn_large,random_9,1,0.8974359035491943,0.3256312608718872,0.8717948717948718,0.8955722639933166,0.829059829059829
cnn_large,random_9,2,0.9230769276618958,0.28094226121902466,0.8589743589743589,0.8675856307435256,0.811965811965812
cnn_large,random_9,3,0.9230769276618958,0.3182840645313263,0.8333333333333334,0.893483709273183,0.7697024755848285
cnn_large,random_9,4,0.9102563858032227,0.29031211137771606,0.8653846153846154,0.8907685881370092,0.8122313291683384
cnn_large,random_9,5,0.8974359035491943,0.2993142306804657,0.8589743589743589,0.8799081035923142,0.8086529884032114
cnn_large,random_9,6,0.8974359035491943,0.32017073035240173,0.8525641025641025,0.8784461152882206,0.790310326690433
cnn_large,random_9,7,0.9102563858032227,0.28634077310562134,0.8589743589743589,0.8776106934001671,0.8086529884032114
cnn_large,random_9,8,0.8974359035491943,0.3209657073020935,0.8589743589743589,0.9007936507936508,0.8051328639563934
cnn_large,random_9,9,0.9102563858032227,0.2943240702152252,0.8717948717948718,0.9026733500417711,0.829059829059829
linear,random_180,0,0.8717948794364929,0.455167293548584,0.7307692307692307,0.8176691729323309,0.7075
linear,random_180,1,0.7948718070983887,0.4606415331363678,0.6987179487179487,0.8132832080200502,0.6763628338115206
linear,random_180,2,0.807692289352417,0.4385386109352112,0.6987179487179487,0.818922305764411,0.6786324786324787
linear,random_180,3,0.7948718070983887,0.46111932396888733,0.717948717948718,0.8306182121971595,0.695906432748538
linear,random_180,4,0.8461538553237915,0.4587010145187378,0.7371794871794872,0.8130743525480368,0.7155689954195757
linear,random_180,5,0.807692289352417,0.47324851155281067,0.6858974358974359,0.8243525480367586,0.6671746418774764
linear,random_180,6,0.7948718070983887,0.45644399523735046,0.7371794871794872,0.8178780284043441,0.7155689954195757
linear,random_180,7,0.8846153616905212,0.4451006352901459,0.7243589743589743,0.8122389306599833,0.699341132176953
linear,random_180,8,0.8461538553237915,0.4598739743232727,0.7243589743589743,0.8222639933166249,0.7016943122693111
linear,random_180,9,0.8717948794364929,0.4631069004535675,0.7307692307692307,0.8093149540517961,0.7051305130513051
mlp1,random_180,0,0.8974359035491943,0.65742427110672,0.7884615384615384,0.83312447786132,0.7440206851971558
mlp1,random_180,1,0.8717948794364929,0.6102942824363708,0.8141025641025641,0.8361528822055136,0.7582170915504249
mlp1,random_180,2,0.8205128312110901,0.5393831729888916,0.782051282051282,0.8237259816207185,0.7042818911685995
mlp1,random_180,3,0.8205128312110901,0.6070239543914795,0.7948717948717948,0.8230994152046783,0.7353128313891835
mlp1,random_180,4,0.8717948794364929,0.5287594795227051,0.7692307692307693,0.8365705931495405,0.7110516567194896
mlp1,random_180,5,0.8461538553237915,0.6352867484092712,0.8012820512820513,0.8296783625730995,0.7372738632042157
mlp1,random_180,6,0.8461538553237915,0.5478461980819702,0.8012820512820513,0.829469507101086,0.7228176763913567
mlp1,random_180,7,0.8461538553237915,0.5709840655326843,0.8076923076923077,0.8230994152046782,0.7390722569134701
mlp1,random_180,8,0.8333333134651184,0.6237832903862,0.7628205128205128,0.7982456140350878,0.6963224075340664
mlp1,random_180,9,0.8333333134651184,0.635979175567627,0.782051282051282,0.8191311612364244,0.6930555555555555
mlp2,random_180,0,0.8333333134651184,0.3803400695323944,0.8141025641025641,0.8732247284878863,0.7301842905707641
mlp2,random_180,1,0.8589743375778198,0.3846375048160553,0.7756410256410257,0.8086883876357561,0.6743603506888531
mlp2,random_180,2,0.8333333134651184,0.4346235692501068,0.8269230769230769,0.8715538847117795,0.7672285161646863
mlp2,random_180,3,0.8461538553237915,0.37078171968460083,0.8205128205128205,0.8717627401837927,0.7367405978784957
mlp2,random_180,4,0.8205128312110901,0.4349967837333679,0.7948717948717948,0.7748538011695907,0.6416881998277347
mlp2,random_180,5,0.8461538553237915,0.3894108235836029,0.8141025641025641,0.8540100250626567,0.7454852320675105
mlp2,random_180,6,0.8589743375778198,0.3925859034061432,0.782051282051282,0.8352130325814537,0.7042818911685995
mlp2,random_180,7,0.8333333134651184,0.40539470314979553,0.8012820512820513,0.8270676691729324,0.711576310610127
mlp2,random_180,8,0.8846153616905212,0.37259435653686523,0.8076923076923077,0.8508771929824561,0.7117516629711751
mlp2,random_180,9,0.8205128312110901,0.4437962472438812,0.7756410256410257,0.7919799498746867,0.5763172189027702
cnn_small,random_180,0,0.9102563858032227,0.30851274728775024,0.8461538461538461,0.8803258145363408,0.787417669770611
cnn_small,random_180,1,0.9358974099159241,0.2801232635974884,0.8525641025641025,0.9091478696741854,0.790310326690433
cnn_small,random_180,2,0.9230769276618958,0.2646067440509796,0.8653846153846154,0.9116541353383458,0.8189555125725339
cnn_small,random_180,3,0.9102563858032227,0.30612945556640625,0.8653846153846154,0.902046783625731,0.7959514170040486
cnn_small,random_180,4,0.9102563858032227,0.24859581887722015,0.8782051282051282,0.898078529657477,0.8301140597237346
cnn_small,random_180,5,0.8974359035491943,0.2751498818397522,0.8717948717948718,0.8882623224728488,0.8260481712756467
cnn_small,random_180,6,0.9102563858032227,0.28719770908355713,0.8397435897435898,0.8723893065998329,0.7805907172995781
cnn_small,random_180,7,0.9358974099159241,0.24741297960281372,0.8589743589743589,0.8970342522974102,0.8051328639563934
cnn_small,random_180,8,0.8974359035491943,0.29880478978157043,0.8461538461538461,0.8819966583124478,0.7912578055307762
cnn_small,random_180,9,0.8717948794364929,0.3369036912918091,0.8333333333333334,0.8857560568086884,0.7605667060212515
cnn_large,random_180,0,0.8974359035491943,0.3122636675834656,0.8397435897435898,0.8916040100250627,0.7805907172995781
cnn_large,random_180,1,0.9102563858032227,0.28508874773979187,0.8589743589743589,0.8886800334168755,0.8013888888888889
cnn_large,random_180,2,0.9102563858032227,0.3041061460971832,0.8333333333333334,0.8627819548872181,0.7697024755848285
cnn_large,random_180,3,0.8974359035491943,0.27329516410827637,0.8333333333333334,0.9068504594820385,0.7738626226583407
cnn_large,random_180,4,0.8974359035491943,0.3303179442882538,0.8205128205128205,0.8884711779448622,0.7564674397859055
cnn_large,random_180,5,0.9102563858032227,0.3024277687072754,0.8333333333333334,0.8782372598162071,0.7652777777777777
cnn_large,random_180,6,0.8846153616905212,0.3196125626564026,0.8269230769230769,0.8882623224728488,0.7672285161646863
cnn_large,random_180,7,0.9102563858032227,0.27421268820762634,0.8589743589743589,0.9032999164578112,0.8086529884032114
cnn_large,random_180,8,0.9102563858032227,0.29013752937316895,0.8461538461538461,0.8947368421052633,0.7833333333333333
cnn_large,random_180,9,0.9102563858032227,0.3118525743484497,0.8525641025641025,0.8807435254803676,0.794348598612942
linear,analog_z_1k,0,0.8333333134651184,0.3912200331687927,0.7692307692307693,0.8260233918128657,0.706766917293233
linear,analog_z_1k,1,0.7692307829856873,0.4239189922809601,0.7628205128205128,0.8026315789473685,0.6963224075340664
linear,analog_z_1k,2,0.7948718070983887,0.42777448892593384,0.7756410256410257,0.8065998329156224,0.7285067873303168
linear,analog_z_1k,3,0.8205128312110901,0.4020838737487793,0.7564102564102564,0.8097326649958229,0.6992694805194806
linear,analog_z_1k,4,0.7820512652397156,0.36054426431655884,0.7884615384615384,0.8444026733500418,0.7370114942528736
linear,analog_z_1k,5,0.807692289352417,0.43156692385673523,0.7884615384615384,0.822890559732665,0.7291524175303836
linear,analog_z_1k,6,0.7948718070983887,0.42499297857284546,0.7948717948717948,0.7976190476190477,0.7310344827586206
linear,analog_z_1k,7,0.807692289352417,0.3916384279727936,0.7692307692307693,0.7980367585630743,0.706766917293233
linear,analog_z_1k,8,0.7948718070983887,0.40232130885124207,0.75,0.7965747702589808,0.6846851515936772
linear,analog_z_1k,9,0.807692289352417,0.42113417387008667,0.782051282051282,0.8233082706766918,0.7309253246753247
mlp1,analog_z_1k,0,0.8846153616905212,0.3560181260108948,0.782051282051282,0.855263157894737,0.6930555555555555
mlp1,analog_z_1k,1,0.8717948794364929,0.35580456256866455,0.8205128205128205,0.8594402673350041,0.751987281399046
mlp1,analog_z_1k,2,0.8589743375778198,0.35767892003059387,0.8012820512820513,0.870718462823726,0.7228176763913567
mlp1,analog_z_1k,3,0.8717948794364929,0.3480730950832367,0.8012820512820513,0.8577694235588972,0.7173747881479751
mlp1,analog_z_1k,4,0.8717948794364929,0.3933987617492676,0.782051282051282,0.8402255639097745,0.6733185513673319
mlp1,analog_z_1k,5,0.8461538553237915,0.38700151443481445,0.7884615384615384,0.8469089390142021,0.6991409035123605
mlp1,analog_z_1k,6,0.8717948794364929,0.3561914563179016,0.7884615384615384,0.8412698412698413,0.6991409035123605
mlp1,analog_z_1k,7,0.8333333134651184,0.35385119915008545,0.7948717948717948,0.8586048454469507,0.7111111111111111
mlp1,analog_z_1k,8,0.8333333134651184,0.3899335265159607,0.7948717948717948,0.8379281537176274,0.6991321118611379
mlp1,analog_z_1k,9,0.8589743375778198,0.39161211252212524,0.7756410256410257,0.865079365079365,0.6928270042194093
mlp2,analog_z_1k,0,0.8333333134651184,0.3732118010520935,0.7884615384615384,0.842314118629908,0.6718301778542742
mlp2,analog_z_1k,1,0.8589743375778198,0.37840867042541504,0.7948717948717948,0.8358395989974937,0.6779354838709677
mlp2,analog_z_1k,2,0.8461538553237915,0.38985827565193176,0.8141025641025641,0.8529657477025898,0.7116083381143622
mlp2,analog_z_1k,3,0.8717948794364929,0.3859289884567261,0.8076923076923077,0.8391812865497077,0.7117516629711751
mlp2,analog_z_1k,4,0.8589743375778198,0.3984222114086151,0.8076923076923077,0.8258145363408521,0.705141129032258
mlp2,analog_z_1k,5,0.8461538553237915,0.40280625224113464,0.7948717948717948,0.8416875522138679,0.6925351071692535
mlp2,analog_z_1k,6,0.8589743375778198,0.40082094073295593,0.8076923076923077,0.8373015873015872,0.7117516629711751
mlp2,analog_z_1k,7,0.8589743375778198,0.42847755551338196,0.8012820512820513,0.8224728487886382,0.6841486512964535
mlp2,analog_z_1k,8,0.8717948794364929,0.3967680037021637,0.7884615384615384,0.8214285714285714,0.6863844045080719
mlp2,analog_z_1k,9,0.8461538553237915,0.4005851149559021,0.8076923076923077,0.8274853801169592,0.705141129032258
cnn_small,analog_z_1k,0,0.8717948794364929,0.37408289313316345,0.8076923076923077,0.8137009189640768,0.7179363548698168
cnn_small,analog_z_1k,1,0.9102563858032227,0.32457059621810913,0.8076923076923077,0.8038847117794485,0.7179363548698168
cnn_small,analog_z_1k,2,0.8974359035491943,0.34894829988479614,0.8461538461538461,0.843984962406015,0.7833333333333333
cnn_small,analog_z_1k,3,0.8846153616905212,0.3241588771343231,0.8397435897435898,0.8765664160401002,0.7881240832292062
cnn_small,analog_z_1k,4,0.8717948794364929,0.3307655155658722,0.8141025641025641,0.8429406850459482,0.7116083381143622
cnn_small,analog_z_1k,5,0.8589743375778198,0.30528268218040466,0.8525641025641025,0.8563074352548037,0.790310326690433
cnn_small,analog_z_1k,6,0.9102563858032227,0.36390823125839233,0.8076923076923077,0.8406432748538012,0.6904761904761905
cnn_small,analog_z_1k,7,0.8974359035491943,0.30135706067085266,0.8525641025641025,0.8621553884711779,0.7814194334450197
cnn_small,analog_z_1k,8,0.8461538553237915,0.35232454538345337,0.8269230769230769,0.8711361737677528,0.7711740098875428
cnn_small,analog_z_1k,9,0.8846153616905212,0.30670735239982605,0.8012820512820513,0.8859649122807018,0.7228176763913567
cnn_large,analog_z_1k,0,0.8974359035491943,0.27591773867607117,0.8589743589743589,0.8916040100250627,0.8208020050125313
cnn_large,analog_z_1k,1,0.8846153616905212,0.3472479283809662,0.8461538461538461,0.8715538847117794,0.787417669770611
cnn_large,analog_z_1k,2,0.9102563858032227,0.32136863470077515,0.8525641025641025,0.8690476190476191,0.8017131804365847
cnn_large,analog_z_1k,3,0.9102563858032227,0.28575441241264343,0.8782051282051282,0.8955722639933167,0.836197844708483
cnn_large,analog_z_1k,4,0.8589743375778198,0.34431084990501404,0.8397435897435898,0.8682121971595657,0.797875097175434
cnn_large,analog_z_1k,5,0.8974359035491943,0.26285916566848755,0.8461538461538461,0.8590225563909775,0.7948717948717949
cnn_large,analog_z_1k,6,0.8717948794364929,0.3232499361038208,0.8653846153846154,0.8807435254803676,0.8156962025316455
cnn_large,analog_z_1k,7,0.8717948794364929,0.3622417747974396,0.8269230769230769,0.8324979114452798,0.7178267568834997
cnn_large,analog_z_1k,8,0.8974359035491943,0.30743977427482605,0.8589743589743589,0.8343776106934002,0.8086529884032114
cnn_large,analog_z_1k,9,0.8974359035491943,0.2895331382751465,0.8333333333333334,0.8840852130325815,0.7605667060212515
linear,digital_zz_4k,0,0.8461538553237915,0.4763616919517517,0.7628205128205128,0.8425229741019216,0.7291539580498334
linear,digital_zz_4k,1,0.8205128312110901,0.48366668820381165,0.7628205128205128,0.8425229741019215,0.7318716031030799
linear,digital_zz_4k,2,0.8461538553237915,0.46911513805389404,0.7243589743589743,0.8260233918128655,0.6941873717802598
linear,digital_zz_4k,3,0.8333333134651184,0.45729705691337585,0.75,0.8147451963241437,0.7173781762437869
linear,digital_zz_4k,4,0.807692289352417,0.4799036979675293,0.7307692307692307,0.8293650793650793,0.6971153846153846
linear,digital_zz_4k,5,0.807692289352417,0.501269519329071,0.717948717948718,0.8220551378446115,0.6795518207282913
linear,digital_zz_4k,6,0.8205128312110901,0.4908422827720642,0.7243589743589743,0.8258145363408522,0.6913733609385784
linear,digital_zz_4k,7,0.8205128312110901,0.48336562514305115,0.7435897435897436,0.8389724310776941,0.7142333760762044
linear,digital_zz_4k,8,0.7435897588729858,0.4895540773868561,0.7435897435897436,0.8412698412698413,0.7115384615384616
linear,digital_zz_4k,9,0.7820512652397156,0.47779449820518494,0.7371794871794872,0.843358395989975,0.7028847493844939
mlp1,digital_zz_4k,0,0.8717948794364929,0.5605030655860901,0.8076923076923077,0.8391812865497076,0.7518557794273595
mlp1,digital_zz_4k,1,0.8589743375778198,0.47359147667884827,0.8012820512820513,0.8356307435254805,0.732743851892788
mlp1,digital_zz_4k,2,0.8589743375778198,0.47034043073654175,0.7948717948717948,0.8327067669172932,0.7165568930274813
mlp1,digital_zz_4k,3,0.8974359035491943,0.8140755891799927,0.8076923076923077,0.8431495405179615,0.7478448275862069
mlp1,digital_zz_4k,4,0.8717948794364929,0.6542980670928955,0.7756410256410257,0.8398078529657477,0.687052215280564
mlp1,digital_zz_4k,5,0.8717948794364929,0.5257499814033508,0.8141025641025641,0.8400167084377611,0.7542239365458794
mlp1,digital_zz_4k,6,0.807692289352417,0.4416416883468628,0.7692307692307693,0.8194444444444444,0.6974137931034483
mlp1,digital_zz_4k,7,0.8846153616905212,0.5355995893478394,0.8461538461538461,0.8556808688387637,0.8014846235418875
mlp1,digital_zz_4k,8,0.807692289352417,0.7309894561767578,0.8012820512820513,0.8289473684210527,0.732743851892788
mlp1,digital_zz_4k,9,0.8846153616905212,0.42658019065856934,0.8141025641025641,0.8544277360066834,0.740700406946753
mlp2,digital_zz_4k,0,0.9102563858032227,0.4027535617351532,0.8461538461538461,0.8709273182957393,0.787417669770611
mlp2,digital_zz_4k,1,0.8846153616905212,0.37714752554893494,0.8333333333333334,0.8644527986633249,0.7605667060212515
mlp2,digital_zz_4k,2,0.9102563858032227,0.3854004442691803,0.8397435897435898,0.8579782790309106,0.7624124276576303
mlp2,digital_zz_4k,3,0.8846153616905212,0.3745841383934021,0.8333333333333334,0.8617376775271512,0.7652777777777777
mlp2,digital_zz_4k,4,0.8589743375778198,0.38037434220314026,0.8012820512820513,0.8385547201336675,0.7173747881479751
mlp2,digital_zz_4k,5,0.8846153616905212,0.4115734100341797,0.8525641025641025,0.8713450292397661,0.794348598612942
mlp2,digital_zz_4k,6,0.8846153616905212,0.3839152753353119,0.8333333333333334,0.8667502088554722,0.7652777777777777
mlp2,digital_zz_4k,7,0.8589743375778198,0.4055621922016144,0.8333333333333334,0.8439849624060151,0.7652777777777777
mlp2,digital_zz_4k,8,0.9102563858032227,0.3751295208930969,0.8141025641025641,0.858187134502924,0.7301842905707641
mlp2,digital_zz_4k,9,0.8717948794364929,0.3902380168437958,0.8333333333333334,0.8492063492063492,0.7555448408871746
cnn_small,digital_zz_4k,0,0.9230769276618958,0.2896496653556824,0.8717948717948718,0.8686299081035923,0.8228480581421758
cnn_small,digital_zz_4k,1,0.9230769276618958,0.2682252824306488,0.8397435897435898,0.9043441938178779,0.7764658680575457
cnn_small,digital_zz_4k,2,0.9230769276618958,0.28937453031539917,0.8076923076923077,0.9039264828738514,0.7179363548698168
cnn_small,digital_zz_4k,3,0.8846153616905212,0.27445748448371887,0.8589743589743589,0.9145781119465329,0.8051328639563934
cnn_small,digital_zz_4k,4,0.9102563858032227,0.2796100378036499,0.8653846153846154,0.8819966583124478,0.8046162104133119
cnn_small,digital_zz_4k,5,0.8974359035491943,0.2683248817920685,0.8589743589743589,0.9118629908103593,0.7837701612903225
cnn_small,digital_zz_4k,6,0.8974359035491943,0.28030577301979065,0.8525641025641025,0.904344193817878,0.7860082304526749
cnn_small,digital_zz_4k,7,0.8846153616905212,0.25489509105682373,0.8589743589743589,0.8905597326649958,0.8013888888888889
cnn_small,digital_zz_4k,8,0.9358974099159241,0.26235905289649963,0.8653846153846154,0.8884711779448622,0.8156962025316455
cnn_small,digital_zz_4k,9,0.9487179517745972,0.2440309226512909,0.8525641025641025,0.9026733500417712,0.8050741565708698
cnn_large,digital_zz_4k,0,0.9230769276618958,0.3054894804954529,0.8846153846153846,0.9214703425229741,0.8434433541480821
cnn_large,digital_zz_4k,1,0.8974359035491943,0.2907337248325348,0.8525641025641025,0.9120718462823726,0.7765182186234818
cnn_large,digital_zz_4k,2,0.8846153616905212,0.25249525904655457,0.8717948717948718,0.9070593149540518,0.8260481712756467
cnn_large,digital_zz_4k,3,0.9102563858032227,0.24039749801158905,0.8076923076923077,0.9141604010025062,0.705141129032258
cnn_large,digital_zz_4k,4,0.9102563858032227,0.3005956709384918,0.8910256410256411,0.9016290726817042,0.8559243765958602
cnn_large,digital_zz_4k,5,0.9358974099159241,0.2580004930496216,0.8782051282051282,0.9154135338345865,0.8440574525174935
cnn_large,digital_zz_4k,6,0.9102563858032227,0.29182350635528564,0.8782051282051282,0.9175020885547202,0.8301140597237346
cnn_large,digital_zz_4k,7,0.9102563858032227,0.280647337436676,0.8782051282051282,0.9124895572263994,0.8389743032541968
cnn_large,digital_zz_4k,8,0.9102563858032227,0.2590568959712982,0.8846153846153846,0.923141186299081,0.8461538461538463
cnn_large,digital_zz_4k,9,0.9102563858032227,0.2849492132663727,0.8461538461538461,0.9014202172096909,0.7789846517119244
linear,analog_zz_4k,0,0.8333333134651184,1.3229548931121826,0.7435897435897436,0.8197577276524646,0.7191719171917192
linear,analog_zz_4k,1,0.7435897588729858,1.183374047279358,0.7564102564102564,0.8454469507101087,0.7353571428571428
linear,analog_zz_4k,2,0.7435897588729858,1.4114341735839844,0.6730769230769231,0.8112990810359231,0.6535899333826795
linear,analog_zz_4k,3,0.7692307829856873,1.0787999629974365,0.75,0.8554720133667502,0.7273093989511901
linear,analog_zz_4k,4,0.7692307829856873,0.9561175107955933,0.6474358974358975,0.7393483709273182,0.6154363318542423
linear,analog_zz_4k,5,0.7692307829856873,1.702250361442566,0.7307692307692307,0.8153717627401839,0.7051305130513051
linear,analog_zz_4k,6,0.7051281929016113,1.4714723825454712,0.6794871794871795,0.7838345864661654,0.6517857142857143
linear,analog_zz_4k,7,0.7564102411270142,1.2628333568572998,0.717948717948718,0.8082706766917294,0.691089108910891
linear,analog_zz_4k,8,0.7307692170143127,1.4253816604614258,0.7115384615384616,0.7892648287385128,0.6770186335403727
linear,analog_zz_4k,9,0.7948718070983887,1.4606884717941284,0.7564102564102564,0.8304093567251462,0.7259615384615384
mlp1,analog_zz_4k,0,0.8589743375778198,0.35880371928215027,0.8012820512820513,0.8609022556390977,0.7053914102954615
mlp1,analog_zz_4k,1,0.9102563858032227,0.30075812339782715,0.8461538461538461,0.8627819548872181,0.7948717948717949
mlp1,analog_zz_4k,2,0.8846153616905212,0.36165106296539307,0.8141025641025641,0.8563074352548037,0.7454852320675105
mlp1,analog_zz_4k,3,0.8717948794364929,0.32567358016967773,0.8397435897435898,0.855889724310777,0.7844708483006355
mlp1,analog_zz_4k,4,0.8846153616905212,0.34949377179145813,0.8525641025641025,0.8654970760233919,0.7981434599156119
mlp1,analog_zz_4k,5,0.8846153616905212,0.34247082471847534,0.8397435897435898,0.8625730994152047,0.7844708483006355
mlp1,analog_zz_4k,6,0.8846153616905212,0.33785203099250793,0.8461538461538461,0.8613199665831245,0.7948717948717949
mlp1,analog_zz_4k,7,0.8974359035491943,0.3511940836906433,0.8141025641025641,0.8711361737677528,0.7454852320675105
mlp1,analog_zz_4k,8,0.8974359035491943,0.3047666847705841,0.8141025641025641,0.8521303258145363,0.7499861840287372
mlp1,analog_zz_4k,9,0.8717948794364929,0.3058859705924988,0.8141025641025641,0.8761487050960737,0.7454852320675105
mlp2,analog_zz_4k,0,0.8846153616905212,0.3384229838848114,0.7948717948717948,0.8719715956558062,0.7264957264957266
mlp2,analog_zz_4k,1,0.9358974099159241,0.29510247707366943,0.8076923076923077,0.8661236424394321,0.7237308146399055
mlp2,analog_zz_4k,2,0.8846153616905212,0.3825748562812805,0.7948717948717948,0.8400167084377611,0.7264957264957266
mlp2,analog_zz_4k,3,0.8589743375778198,0.35050734877586365,0.8012820512820513,0.858813700918964,0.711576310610127
mlp2,analog_zz_4k,4,0.8846153616905212,0.2812880873680115,0.8269230769230769,0.8629908103592314,0.7748917748917749
mlp2,analog_zz_4k,5,0.8717948794364929,0.3549523651599884,0.8269230769230769,0.8469089390142022,0.7672285161646863
mlp2,analog_zz_4k,6,0.8974359035491943,0.3688160479068756,0.8076923076923077,0.8391812865497076,0.7291666666666667
mlp2,analog_zz_4k,7,0.8846153616905212,0.3341754972934723,0.8141025641025641,0.8389724310776943,0.740700406946753
mlp2,analog_zz_4k,8,0.9102563858032227,0.30193766951560974,0.8333333333333334,0.8408521303258146,0.7697024755848285
mlp2,analog_zz_4k,9,0.8974359035491943,0.3273907005786896,0.782051282051282,0.8467000835421888,0.7187698833510074
cnn_small,analog_zz_4k,0,0.8846153616905212,0.3269595503807068,0.8461538461538461,0.8692564745196324,0.7743490838958534
cnn_small,analog_zz_4k,1,0.8717948794364929,0.25956255197525024,0.8397435897435898,0.8907685881370091,0.7764658680575457
cnn_small,analog_zz_4k,2,0.8846153616905212,0.3179799020290375,0.8205128205128205,0.876984126984127,0.7309682187730968
cnn_small,analog_zz_4k,3,0.9230769276618958,0.27445322275161743,0.8589743589743589,0.8836675020885547,0.8051328639563934
cnn_small,analog_zz_4k,4,0.8717948794364929,0.34404420852661133,0.8461538461538461,0.8748955722639933,0.7833333333333333
cnn_small,analog_zz_4k,5,0.8717948794364929,0.3339279294013977,0.8076923076923077,0.8613199665831244,0.705141129032258
cnn_small,analog_zz_4k,6,0.8974359035491943,0.2879243493080139,0.8269230769230769,0.8698830409356725,0.7585831375021493
cnn_small,analog_zz_4k,7,0.8974359035491943,0.297911673784256,0.8525641025641025,0.883876357560568,0.7860082304526749
cnn_small,analog_zz_4k,8,0.8589743375778198,0.3109525144100189,0.8333333333333334,0.862781954887218,0.7652777777777777
cnn_small,analog_zz_4k,9,0.8846153616905212,0.3160943388938904,0.8397435897435898,0.8669590643274855,0.7805907172995781
cnn_large,analog_zz_4k,0,0.8461538553237915,0.311637282371521,0.8333333333333334,0.8778195488721805,0.7697024755848285
cnn_large,analog_zz_4k,1,0.8846153616905212,0.31238073110580444,0.8717948717948718,0.883876357560568,0.8318965517241379
cnn_large,analog_zz_4k,2,0.9230769276618958,0.32985129952430725,0.8333333333333334,0.8978696741854637,0.7605667060212515
cnn_large,analog_zz_4k,3,0.8717948794364929,0.34868311882019043,0.8589743589743589,0.8924394319131161,0.7837701612903225
cnn_large,analog_zz_4k,4,0.8974359035491943,0.35705846548080444,0.8525641025641025,0.8719715956558062,0.7765182186234818
cnn_large,analog_zz_4k,5,0.8717948794364929,0.3306160867214203,0.8525641025641025,0.8863826232247285,0.790310326690433
cnn_large,analog_zz_4k,6,0.9230769276618958,0.29388919472694397,0.8589743589743589,0.8859649122807016,0.8086529884032114
cnn_large,analog_zz_4k,7,0.9102563858032227,0.30528247356414795,0.8589743589743589,0.8976608187134503,0.8086529884032114
cnn_large,analog_zz_4k,8,0.8974359035491943,0.3406766653060913,0.8589743589743589,0.8809523809523809,0.7931533269045323
cnn_large,analog_zz_4k,9,0.8461538553237915,0.3334740996360779,0.8653846153846154,0.8926482873851294,0.8220242299125333
linear,rff_180,0,0.8589743375778198,0.43787965178489685,0.7115384615384616,0.8560985797827902,0.6878196291190466
linear,rff_180,1,0.8846153616905212,0.4535280764102936,0.717948717948718,0.8368838763575606,0.691089108910891
linear,rff_180,2,0.8333333134651184,0.44836774468421936,0.7435897435897436,0.8297827903091062,0.7214285714285715
linear,rff_180,3,0.8461538553237915,0.43320611119270325,0.7564102564102564,0.8489974937343358,0.7332133213321332
linear,rff_180,4,0.8717948794364929,0.4523118734359741,0.7243589743589743,0.8389724310776941,0.699341132176953
linear,rff_180,5,0.8461538553237915,0.4487853944301605,0.7371794871794872,0.8398078529657477,0.7133252655640716
linear,rff_180,6,0.8461538553237915,0.4360002875328064,0.7051282051282052,0.829156223893066,0.6796428571428572
linear,rff_180,7,0.8461538553237915,0.44230493903160095,0.7243589743589743,0.8460735171261488,0.699341132176953
linear,rff_180,8,0.8717948794364929,0.4261113107204437,0.7243589743589743,0.8429406850459482,0.7039064224233061
linear,rff_180,9,0.8589743375778198,0.42381128668785095,0.7307692307692307,0.8327067669172933,0.7051305130513051
mlp1,rff_180,0,0.8589743375778198,0.7011510133743286,0.8269230769230769,0.852234753550543,0.790562378797673
mlp1,rff_180,1,0.7820512652397156,0.6309060454368591,0.7948717948717948,0.8350041771094403,0.7533596837944664
mlp1,rff_180,2,0.7948718070983887,0.9066038131713867,0.8076923076923077,0.8601712614870509,0.7179363548698168
mlp1,rff_180,3,0.8589743375778198,0.6822749376296997,0.7948717948717948,0.8421052631578947,0.7264957264957266
mlp1,rff_180,4,0.807692289352417,0.6762652397155762,0.7628205128205128,0.785923141186299,0.6915183581850248
mlp1,rff_180,5,0.8589743375778198,0.5443046689033508,0.782051282051282,0.8046157059314953,0.6868949232585596
mlp1,rff_180,6,0.8846153616905212,0.5754083395004272,0.8461538461538461,0.8574561403508772,0.7789846517119244
mlp1,rff_180,7,0.8589743375778198,0.575746476650238,0.8333333333333334,0.8754177109440268,0.794237012987013
mlp1,rff_180,8,0.8974359035491943,0.8342706561088562,0.7948717948717948,0.8369883040935673,0.7533596837944664
mlp1,rff_180,9,0.8846153616905212,0.6201990842819214,0.7948717948717948,0.8524436090225563,0.7310344827586206
mlp2,rff_180,0,0.8589743375778198,0.4137061536312103,0.8589743589743589,0.8615288220551379,0.7886178861788617
mlp2,rff_180,1,0.8333333134651184,0.37696489691734314,0.8205128205128205,0.8705096073517126,0.7564674397859055
mlp2,rff_180,2,0.8333333134651184,0.41433724761009216,0.8076923076923077,0.8661236424394319,0.6980645161290322
mlp2,rff_180,3,0.8333333134651184,0.4047565460205078,0.8525641025641025,0.8826232247284879,0.7765182186234818
mlp2,rff_180,4,0.8461538553237915,0.40370628237724304,0.8589743589743589,0.8778195488721805,0.7886178861788617
mlp2,rff_180,5,0.8333333134651184,0.40579864382743835,0.8333333333333334,0.8600668337510442,0.7444556451612903
mlp2,rff_180,6,0.8717948794364929,0.40094679594039917,0.8589743589743589,0.8634085213032582,0.8013888888888889
mlp2,rff_180,7,0.8333333134651184,0.42970597743988037,0.8076923076923077,0.8481620718462825,0.7342720872132638
mlp2,rff_180,8,0.8461538553237915,0.4282379746437073,0.8333333333333334,0.8700918964076859,0.7501847745750185
mlp2,rff_180,9,0.8333333134651184,0.41583162546157837,0.8333333333333334,0.866750208855472,0.7605667060212515
cnn_small,rff_180,0,0.8717948794364929,0.3085642457008362,0.8397435897435898,0.8621553884711779,0.7720764420548185
cnn_small,rff_180,1,0.9102563858032227,0.2691497206687927,0.8717948717948718,0.9049707602339181,0.8119575699132112
cnn_small,rff_180,2,0.8974359035491943,0.2827313542366028,0.8461538461538461,0.8993316624895572,0.787417669770611
cnn_small,rff_180,3,0.9102563858032227,0.3075459599494934,0.8461538461538461,0.9068504594820385,0.7833333333333333
cnn_small,rff_180,4,0.9230769276618958,0.2786810100078583,0.8782051282051282,0.8786549707602339,0.8301140597237346
cnn_small,rff_180,5,0.9358974099159241,0.30271974205970764,0.8397435897435898,0.8696741854636592,0.7764658680575457
cnn_small,rff_180,6,0.8974359035491943,0.2840341031551361,0.8589743589743589,0.8868003341687553,0.8051328639563934
cnn_small,rff_180,7,0.9230769276618958,0.29311057925224304,0.8461538461538461,0.8826232247284879,0.7833333333333333
cnn_small,rff_180,8,0.9358974099159241,0.26769426465034485,0.8333333333333334,0.9047619047619048,0.7738626226583407
cnn_small,rff_180,9,0.8717948794364929,0.3093933165073395,0.8653846153846154,0.9145781119465329,0.8122313291683384
cnn_large,rff_180,0,0.9230769276618958,0.28285810351371765,0.8461538461538461,0.8920217209690894,0.7982758620689655
cnn_large,rff_180,1,0.9358974099159241,0.29311686754226685,0.8525641025641025,0.9218880534670009,0.7860082304526749
cnn_large,rff_180,2,0.9102563858032227,0.285786509513855,0.8717948717948718,0.9166666666666665,0.8260481712756467
cnn_large,rff_180,3,0.8974359035491943,0.30264249444007874,0.8717948717948718,0.8861737677527152,0.8260481712756467
cnn_large,rff_180,4,0.9358974099159241,0.2693747878074646,0.8717948717948718,0.906641604010025,0.8228480581421758
cnn_large,rff_180,5,0.9102563858032227,0.26694411039352417,0.8461538461538461,0.8859649122807017,0.7948717948717949
cnn_large,rff_180,6,0.9102563858032227,0.310615599155426,0.8717948717948718,0.8884711779448622,0.8194444444444444
cnn_large,rff_180,7,0.9230769276618958,0.2780216336250305,0.8653846153846154,0.8949456975772766,0.8156962025316455
cnn_large,rff_180,8,0.9230769276618958,0.28773123025894165,0.8782051282051282,0.9074770258980785,0.8332489451476793
cnn_large,rff_180,9,0.9102563858032227,0.31303340196609497,0.8653846153846154,0.9147869674185464,0.8189555125725339
